iter,inertia_kpp,inertia_rand
1,9043.439727725097,39028.75365333417
2,4331.955261913001,9121.428233052255
3,4293.7027368428935,4957.432463504501
4,4293.004556228741,2440.541328203595
